variant,theta_label,log_sigma_v2,log_sigma_w2,sigma_v2,sigma_w2,seed,loglik,grad_log_sigma_v2,grad_log_sigma_w2,grad_norm,finite_loglik,finite_grad,elapsed_s,error
full,"sv2=10,sw2=1",2.3025851249694824,0.0,10.0,1.0,300,-20000026.0,nan,nan,nan,1,0,3.0331599712371826,
full,"sv2=10,sw2=1",2.3025851249694824,0.0,10.0,1.0,8219,-82.79117584228516,835190464.0,-511608160.0,979431478.2235258,1,1,0.9785819053649902,
full,"sv2=10,sw2=1",2.3025851249694824,0.0,10.0,1.0,16138,-78.76727294921875,-25201213440.0,47434420224.0,53713363149.55019,1,1,0.9940512180328369,
full,"sv2=10,sw2=1",2.3025851249694824,0.0,10.0,1.0,24057,-81.5473403930664,-43029143552.0,8239173120.0,43810856742.5924,1,1,1.0815649032592773,
full,"sv2=10,sw2=1",2.3025851249694824,0.0,10.0,1.0,31976,-71.9774169921875,47090253824.0,-12538039296.0,48730836588.312195,1,1,1.0349490642547607,
full,"sv2=10,sw2=1",2.3025851249694824,0.0,10.0,1.0,39895,-80.43760681152344,43165956440064.0,-11009218576384.0,44547757396395.4,1,1,1.156844139099121,
full,"sv2=10,sw2=1",2.3025851249694824,0.0,10.0,1.0,47814,-86.07820129394531,4418779.5,24169688.0,24570295.68985616,1,1,1.0231907367706299,
full,"sv2=10,sw2=1",2.3025851249694824,0.0,10.0,1.0,55733,-77.44268798828125,258728722432.0,-61725057024.0,265989726260.07748,1,1,1.0073959827423096,
full,"sv2=10,sw2=1",2.3025851249694824,0.0,10.0,1.0,63652,-83.27225494384766,667636864.0,714306176.0,977738357.2528478,1,1,1.0746490955352783,
full,"sv2=10,sw2=1",2.3025851249694824,0.0,10.0,1.0,71571,-75.87092590332031,-13854194.0,-686578.375,13871196.100360403,1,1,1.0079529285430908,
full,"sv2=8,sw2=1.5",2.079441547393799,0.40546509623527527,8.0,1.5,300,-10000054.0,nan,nan,nan,1,0,1.059086799621582,
full,"sv2=8,sw2=1.5",2.079441547393799,0.40546509623527527,8.0,1.5,8219,-76.75177764892578,12456333.0,-681724.625,12474974.159140386,1,1,0.9899992942810059,
full,"sv2=8,sw2=1.5",2.079441547393799,0.40546509623527527,8.0,1.5,16138,-74.9747314453125,19492858.0,-706804.9375,19505668.05387189,1,1,1.0599620342254639,
full,"sv2=8,sw2=1.5",2.079441547393799,0.40546509623527527,8.0,1.5,24057,-76.45907592773438,12696749056.0,-1558270592.0,12792014846.337887,1,1,1.0133929252624512,
full,"sv2=8,sw2=1.5",2.079441547393799,0.40546509623527527,8.0,1.5,31976,-71.45693969726562,-20354874.0,-41979392.0,46653941.40097426,1,1,1.019273042678833,
full,"sv2=8,sw2=1.5",2.079441547393799,0.40546509623527527,8.0,1.5,39895,-84.40235900878906,31064338.0,-9703586.0,32544625.925606214,1,1,1.076706886291504,
full,"sv2=8,sw2=1.5",2.079441547393799,0.40546509623527527,8.0,1.5,47814,-9000058.0,nan,nan,nan,1,0,0.9878249168395996,
full,"sv2=8,sw2=1.5",2.079441547393799,0.40546509623527527,8.0,1.5,55733,-75.8795166015625,-125117.953125,8453.771484375,125403.22342946264,1,1,1.0940461158752441,
full,"sv2=8,sw2=1.5",2.079441547393799,0.40546509623527527,8.0,1.5,63652,-83.41124725341797,19734598.0,7393077.0,21073963.69337133,1,1,1.0123591423034668,
full,"sv2=8,sw2=1.5",2.079441547393799,0.40546509623527527,8.0,1.5,71571,-79.10694122314453,175986.125,37329.06640625,179901.57139746682,1,1,1.0922391414642334,
full,"sv2=12,sw2=0.8",2.4849066734313965,-0.2231435328722,12.0,0.800000011920929,300,-75.76358795166016,-605360.9375,248113.671875,654234.100931902,1,1,1.0017139911651611,
full,"sv2=12,sw2=0.8",2.4849066734313965,-0.2231435328722,12.0,0.800000011920929,8219,-78.67141723632812,-1326.234130859375,276065.34375,276068.5293849618,1,1,1.115109920501709,
full,"sv2=12,sw2=0.8",2.4849066734313965,-0.2231435328722,12.0,0.800000011920929,16138,-129.9085235595703,38151.234375,-29196.78125,48041.32304273617,1,1,1.0008978843688965,
full,"sv2=12,sw2=0.8",2.4849066734313965,-0.2231435328722,12.0,0.800000011920929,24057,-134.56698608398438,-1328.4158935546875,86.3186264038086,1331.2173719993812,1,1,0.9978320598602295,
full,"sv2=12,sw2=0.8",2.4849066734313965,-0.2231435328722,12.0,0.800000011920929,31976,-74.83483123779297,130528768.0,-3262708.5,130569539.10600203,1,1,1.1706271171569824,
full,"sv2=12,sw2=0.8",2.4849066734313965,-0.2231435328722,12.0,0.800000011920929,39895,-85.0785140991211,-1955906191360.0,662779330560.0,2065150229503.3992,1,1,1.1856372356414795,
full,"sv2=12,sw2=0.8",2.4849066734313965,-0.2231435328722,12.0,0.800000011920929,47814,-83.41910552978516,746141.6875,-737457.8125,1049081.2375801185,1,1,1.0844740867614746,
full,"sv2=12,sw2=0.8",2.4849066734313965,-0.2231435328722,12.0,0.800000011920929,55733,-75.95244598388672,-438560896.0,-134997232.0,458868077.0635332,1,1,0.9943368434906006,
full,"sv2=12,sw2=0.8",2.4849066734313965,-0.2231435328722,12.0,0.800000011920929,63652,-80.77847290039062,-2841832.0,1599811.375,3261196.9507840816,1,1,0.9983649253845215,
full,"sv2=12,sw2=0.8",2.4849066734313965,-0.2231435328722,12.0,0.800000011920929,71571,-78.64127349853516,-458817.125,116487.1015625,473373.4245008879,1,1,1.0682568550109863,
stop_ot_grad,"sv2=10,sw2=1",2.3025851249694824,0.0,10.0,1.0,300,-20000026.0,nan,nan,nan,1,0,0.9615058898925781,
stop_ot_grad,"sv2=10,sw2=1",2.3025851249694824,0.0,10.0,1.0,8219,-82.79117584228516,-28997.333984375,18707.46484375,34508.18191504055,1,1,1.033095121383667,
stop_ot_grad,"sv2=10,sw2=1",2.3025851249694824,0.0,10.0,1.0,16138,-78.76727294921875,-4495.9140625,-16846.265625,17435.879925184214,1,1,0.95855712890625,
stop_ot_grad,"sv2=10,sw2=1",2.3025851249694824,0.0,10.0,1.0,24057,-81.5473403930664,-16194.494140625,-11060.791015625,19611.291093705895,1,1,0.9562380313873291,
stop_ot_grad,"sv2=10,sw2=1",2.3025851249694824,0.0,10.0,1.0,31976,-71.9774169921875,44.872398376464844,-141.0169677734375,147.98417934384364,1,1,1.0201609134674072,
stop_ot_grad,"sv2=10,sw2=1",2.3025851249694824,0.0,10.0,1.0,39895,-80.43760681152344,31900344.0,-8580058.0,33034063.368009996,1,1,0.9489688873291016,
stop_ot_grad,"sv2=10,sw2=1",2.3025851249694824,0.0,10.0,1.0,47814,-86.07820129394531,-341.317138671875,15.156707763671875,341.6535012865949,1,1,1.0490319728851318,
stop_ot_grad,"sv2=10,sw2=1",2.3025851249694824,0.0,10.0,1.0,55733,-77.44268798828125,25712.009765625,54504.83984375,60265.12268784021,1,1,0.9535441398620605,
stop_ot_grad,"sv2=10,sw2=1",2.3025851249694824,0.0,10.0,1.0,63652,-83.27225494384766,-581.71923828125,2374.14599609375,2444.3744563700757,1,1,1.2113080024719238,
stop_ot_grad,"sv2=10,sw2=1",2.3025851249694824,0.0,10.0,1.0,71571,-75.87092590332031,-11829.388671875,-4572.06298828125,12682.19997946318,1,1,1.1113131046295166,
stop_ot_grad,"sv2=8,sw2=1.5",2.079441547393799,0.40546509623527527,8.0,1.5,300,-10000054.0,nan,nan,nan,1,0,0.964637041091919,
stop_ot_grad,"sv2=8,sw2=1.5",2.079441547393799,0.40546509623527527,8.0,1.5,8219,-76.75177764892578,3885.383544921875,287.57171630859375,3896.0111374546077,1,1,1.0409908294677734,
stop_ot_grad,"sv2=8,sw2=1.5",2.079441547393799,0.40546509623527527,8.0,1.5,16138,-74.9747314453125,271.7657470703125,-108.73820495605469,292.7125185190241,1,1,0.9522950649261475,
stop_ot_grad,"sv2=8,sw2=1.5",2.079441547393799,0.40546509623527527,8.0,1.5,24057,-76.45907592773438,-353.7328186035156,-494.5601806640625,608.0433202130074,1,1,1.0189809799194336,
stop_ot_grad,"sv2=8,sw2=1.5",2.079441547393799,0.40546509623527527,8.0,1.5,31976,-71.45693969726562,710.0068969726562,-13.249107360839844,710.1305039178357,1,1,0.9547140598297119,
stop_ot_grad,"sv2=8,sw2=1.5",2.079441547393799,0.40546509623527527,8.0,1.5,39895,-84.40235900878906,-59432.53125,41533.5625,72506.98300662932,1,1,0.9367067813873291,
stop_ot_grad,"sv2=8,sw2=1.5",2.079441547393799,0.40546509623527527,8.0,1.5,47814,-9000058.0,nan,nan,nan,1,0,0.9977607727050781,
stop_ot_grad,"sv2=8,sw2=1.5",2.079441547393799,0.40546509623527527,8.0,1.5,55733,-75.8795166015625,288.46014404296875,-521.206298828125,595.70568290004,1,1,0.9439291954040527,
stop_ot_grad,"sv2=8,sw2=1.5",2.079441547393799,0.40546509623527527,8.0,1.5,63652,-83.41124725341797,4460.8017578125,-159.96804809570312,4463.669129641515,1,1,1.0156519412994385,
stop_ot_grad,"sv2=8,sw2=1.5",2.079441547393799,0.40546509623527527,8.0,1.5,71571,-79.10694122314453,-19.40796661376953,13.031930923461914,23.377347832358478,1,1,0.9454050064086914,
stop_ot_grad,"sv2=12,sw2=0.8",2.4849066734313965,-0.2231435328722,12.0,0.800000011920929,300,-75.76358795166016,-650.8787231445312,303.49462890625,718.1588278488247,1,1,0.9666621685028076,
stop_ot_grad,"sv2=12,sw2=0.8",2.4849066734313965,-0.2231435328722,12.0,0.800000011920929,8219,-78.67141723632812,-6172.951171875,-2441.140625,6638.109197759429,1,1,1.0156841278076172,
stop_ot_grad,"sv2=12,sw2=0.8",2.4849066734313965,-0.2231435328722,12.0,0.800000011920929,16138,-129.9085235595703,43.931236267089844,5.278265953063965,44.24718761035716,1,1,0.969933032989502,
stop_ot_grad,"sv2=12,sw2=0.8",2.4849066734313965,-0.2231435328722,12.0,0.800000011920929,24057,-134.56698608398438,38.69618606567383,9.399794578552246,39.82148859784412,1,1,1.0156900882720947,
stop_ot_grad,"sv2=12,sw2=0.8",2.4849066734313965,-0.2231435328722,12.0,0.800000011920929,31976,-74.83483123779297,-51017.7265625,-10975.607421875,52184.982340565526,1,1,0.9500911235809326,
stop_ot_grad,"sv2=12,sw2=0.8",2.4849066734313965,-0.2231435328722,12.0,0.800000011920929,39895,-85.0785140991211,208353.328125,-96866.328125,229769.87371103305,1,1,0.951387882232666,
stop_ot_grad,"sv2=12,sw2=0.8",2.4849066734313965,-0.2231435328722,12.0,0.800000011920929,47814,-83.41910552978516,2469.751953125,-2397.376708984375,3441.9601675129106,1,1,1.0245890617370605,
stop_ot_grad,"sv2=12,sw2=0.8",2.4849066734313965,-0.2231435328722,12.0,0.800000011920929,55733,-75.95244598388672,25563.8203125,7980.75341796875,26780.614893766116,1,1,0.9825139045715332,
stop_ot_grad,"sv2=12,sw2=0.8",2.4849066734313965,-0.2231435328722,12.0,0.800000011920929,63652,-80.77847290039062,238.18409729003906,45.1038818359375,242.41704634480845,1,1,1.0204429626464844,
stop_ot_grad,"sv2=12,sw2=0.8",2.4849066734313965,-0.2231435328722,12.0,0.800000011920929,71571,-78.64127349853516,-450.6242980957031,-73.0892562866211,456.5131952296412,1,1,0.9457061290740967,
no_ot,"sv2=10,sw2=1",2.3025851249694824,0.0,10.0,1.0,300,-110.60728454589844,nan,nan,nan,1,0,0.9354293346405029,
no_ot,"sv2=10,sw2=1",2.3025851249694824,0.0,10.0,1.0,8219,-121.4363784790039,-287623072.0,210941056.0,356683558.1479925,1,1,1.0035288333892822,
no_ot,"sv2=10,sw2=1",2.3025851249694824,0.0,10.0,1.0,16138,-98.04084014892578,nan,nan,nan,1,0,0.9094538688659668,
no_ot,"sv2=10,sw2=1",2.3025851249694824,0.0,10.0,1.0,24057,-115.24079132080078,nan,nan,nan,1,0,0.998431921005249,
no_ot,"sv2=10,sw2=1",2.3025851249694824,0.0,10.0,1.0,31976,-94.18714904785156,nan,nan,nan,1,0,0.9327771663665771,
no_ot,"sv2=10,sw2=1",2.3025851249694824,0.0,10.0,1.0,39895,-116.82662963867188,nan,nan,nan,1,0,0.9296369552612305,
no_ot,"sv2=10,sw2=1",2.3025851249694824,0.0,10.0,1.0,47814,-95.0931167602539,nan,nan,nan,1,0,0.9692630767822266,
no_ot,"sv2=10,sw2=1",2.3025851249694824,0.0,10.0,1.0,55733,-92.75354766845703,nan,nan,nan,1,0,0.918956995010376,
no_ot,"sv2=10,sw2=1",2.3025851249694824,0.0,10.0,1.0,63652,-93.95177459716797,nan,nan,nan,1,0,0.9392220973968506,
no_ot,"sv2=10,sw2=1",2.3025851249694824,0.0,10.0,1.0,71571,-97.26604461669922,1321768.125,-733109.75,1511463.159263592,1,1,1.0028927326202393,
no_ot,"sv2=8,sw2=1.5",2.079441547393799,0.40546509623527527,8.0,1.5,300,-84.66439056396484,nan,nan,nan,1,0,0.9385910034179688,
no_ot,"sv2=8,sw2=1.5",2.079441547393799,0.40546509623527527,8.0,1.5,8219,-113.24103546142578,nan,nan,nan,1,0,1.0051870346069336,
no_ot,"sv2=8,sw2=1.5",2.079441547393799,0.40546509623527527,8.0,1.5,16138,-96.37262725830078,nan,nan,nan,1,0,0.9393899440765381,
no_ot,"sv2=8,sw2=1.5",2.079441547393799,0.40546509623527527,8.0,1.5,24057,-90.86796569824219,nan,nan,nan,1,0,0.9388442039489746,
no_ot,"sv2=8,sw2=1.5",2.079441547393799,0.40546509623527527,8.0,1.5,31976,-92.3302230834961,nan,nan,nan,1,0,1.0098340511322021,
no_ot,"sv2=8,sw2=1.5",2.079441547393799,0.40546509623527527,8.0,1.5,39895,-123.51118469238281,-3794.23779296875,1308.5859375,4013.556725077537,1,1,0.9416136741638184,
no_ot,"sv2=8,sw2=1.5",2.079441547393799,0.40546509623527527,8.0,1.5,47814,-99.79368591308594,48.81182098388672,3.3821232318878174,48.92885268753682,1,1,0.913783073425293,
no_ot,"sv2=8,sw2=1.5",2.079441547393799,0.40546509623527527,8.0,1.5,55733,-80.44058990478516,13.537651062011719,4.234373092651367,14.184424971233657,1,1,0.9921979904174805,
no_ot,"sv2=8,sw2=1.5",2.079441547393799,0.40546509623527527,8.0,1.5,63652,-99.57197570800781,nan,nan,nan,1,0,0.966076135635376,
no_ot,"sv2=8,sw2=1.5",2.079441547393799,0.40546509623527527,8.0,1.5,71571,-102.0739517211914,-208.9678497314453,244.3485107421875,321.51789518362557,1,1,0.9070432186126709,
no_ot,"sv2=12,sw2=0.8",2.4849066734313965,-0.2231435328722,12.0,0.800000011920929,300,-95.99784851074219,nan,nan,nan,1,0,1.0804290771484375,
no_ot,"sv2=12,sw2=0.8",2.4849066734313965,-0.2231435328722,12.0,0.800000011920929,8219,-88.68025970458984,nan,nan,nan,1,0,0.9282717704772949,
no_ot,"sv2=12,sw2=0.8",2.4849066734313965,-0.2231435328722,12.0,0.800000011920929,16138,-92.05746459960938,nan,nan,nan,1,0,0.9846770763397217,
no_ot,"sv2=12,sw2=0.8",2.4849066734313965,-0.2231435328722,12.0,0.800000011920929,24057,-115.85452270507812,nan,nan,nan,1,0,0.9116806983947754,
no_ot,"sv2=12,sw2=0.8",2.4849066734313965,-0.2231435328722,12.0,0.800000011920929,31976,-94.08757019042969,nan,nan,nan,1,0,0.9139318466186523,
no_ot,"sv2=12,sw2=0.8",2.4849066734313965,-0.2231435328722,12.0,0.800000011920929,39895,-85.99797821044922,nan,nan,nan,1,0,0.977215051651001,
no_ot,"sv2=12,sw2=0.8",2.4849066734313965,-0.2231435328722,12.0,0.800000011920929,47814,-93.09688568115234,nan,nan,nan,1,0,0.913344144821167,
no_ot,"sv2=12,sw2=0.8",2.4849066734313965,-0.2231435328722,12.0,0.800000011920929,55733,-91.13545227050781,nan,nan,nan,1,0,0.9468231201171875,
no_ot,"sv2=12,sw2=0.8",2.4849066734313965,-0.2231435328722,12.0,0.800000011920929,63652,-89.88502502441406,nan,nan,nan,1,0,1.0741212368011475,
no_ot,"sv2=12,sw2=0.8",2.4849066734313965,-0.2231435328722,12.0,0.800000011920929,71571,-102.67749786376953,nan,nan,nan,1,0,1.005375862121582,
stop_logdet_grad,"sv2=10,sw2=1",2.3025851249694824,0.0,10.0,1.0,300,-20000026.0,nan,nan,nan,1,0,1.0074050426483154,
stop_logdet_grad,"sv2=10,sw2=1",2.3025851249694824,0.0,10.0,1.0,8219,-82.79117584228516,738652224.0,-472323584.0,876753486.4617028,1,1,0.9135420322418213,
stop_logdet_grad,"sv2=10,sw2=1",2.3025851249694824,0.0,10.0,1.0,16138,-78.76727294921875,-13996146688.0,5521937920.0,15046059966.128916,1,1,0.9267661571502686,
stop_logdet_grad,"sv2=10,sw2=1",2.3025851249694824,0.0,10.0,1.0,24057,-81.5473403930664,-34805530624.0,7013947904.0,35505216901.43897,1,1,1.0085442066192627,
stop_logdet_grad,"sv2=10,sw2=1",2.3025851249694824,0.0,10.0,1.0,31976,-71.9774169921875,187731279872.0,-57861054464.0,196445756039.84213,1,1,0.9388127326965332,
stop_logdet_grad,"sv2=10,sw2=1",2.3025851249694824,0.0,10.0,1.0,39895,-80.43760681152344,-133195727110144.0,35639504404480.0,137881383785473.0,1,1,0.9910049438476562,
stop_logdet_grad,"sv2=10,sw2=1",2.3025851249694824,0.0,10.0,1.0,47814,-86.07820129394531,-10465866.0,-22523314.0,24836143.51449419,1,1,0.9075708389282227,
stop_logdet_grad,"sv2=10,sw2=1",2.3025851249694824,0.0,10.0,1.0,55733,-77.44268798828125,29889626112.0,4886650880.0,30286450864.01107,1,1,0.9317338466644287,
stop_logdet_grad,"sv2=10,sw2=1",2.3025851249694824,0.0,10.0,1.0,63652,-83.27225494384766,-583170176.0,-375600032.0,693659021.5763593,1,1,0.9931352138519287,
stop_logdet_grad,"sv2=10,sw2=1",2.3025851249694824,0.0,10.0,1.0,71571,-75.87092590332031,22118000.0,422235.5625,22122029.8994066,1,1,1.0645461082458496,
stop_logdet_grad,"sv2=8,sw2=1.5",2.079441547393799,0.40546509623527527,8.0,1.5,300,-10000054.0,nan,nan,nan,1,0,1.0208399295806885,
stop_logdet_grad,"sv2=8,sw2=1.5",2.079441547393799,0.40546509623527527,8.0,1.5,8219,-76.75177764892578,-23252056.0,2584992.25,23395304.938378043,1,1,0.9916207790374756,
stop_logdet_grad,"sv2=8,sw2=1.5",2.079441547393799,0.40546509623527527,8.0,1.5,16138,-74.9747314453125,15242408.0,-668351.9375,15257053.97351743,1,1,0.9212138652801514,
stop_logdet_grad,"sv2=8,sw2=1.5",2.079441547393799,0.40546509623527527,8.0,1.5,24057,-76.45907592773438,27391180800.0,-1039240192.0,27410888453.221592,1,1,1.009742021560669,
stop_logdet_grad,"sv2=8,sw2=1.5",2.079441547393799,0.40546509623527527,8.0,1.5,31976,-71.45693969726562,434181344.0,-102249296.0,446058693.45876664,1,1,0.9171998500823975,
stop_logdet_grad,"sv2=8,sw2=1.5",2.079441547393799,0.40546509623527527,8.0,1.5,39895,-84.40235900878906,-44558061568.0,18959591424.0,48424032852.11479,1,1,0.9254209995269775,
stop_logdet_grad,"sv2=8,sw2=1.5",2.079441547393799,0.40546509623527527,8.0,1.5,47814,-9000058.0,nan,nan,nan,1,0,0.9630746841430664,
stop_logdet_grad,"sv2=8,sw2=1.5",2.079441547393799,0.40546509623527527,8.0,1.5,55733,-75.8795166015625,-1177993.25,1222235.75,1697506.5023803664,1,1,0.943580150604248,
stop_logdet_grad,"sv2=8,sw2=1.5",2.079441547393799,0.40546509623527527,8.0,1.5,63652,-83.41124725341797,56450992.0,2559765.25,56508998.3623774,1,1,1.015260934829712,
stop_logdet_grad,"sv2=8,sw2=1.5",2.079441547393799,0.40546509623527527,8.0,1.5,71571,-79.10694122314453,6276.857421875,-695.7891845703125,6315.303768142297,1,1,0.9223811626434326,
stop_logdet_grad,"sv2=12,sw2=0.8",2.4849066734313965,-0.2231435328722,12.0,0.800000011920929,300,-75.76358795166016,222908.09375,-40842.63671875,226618.9295566427,1,1,0.934128999710083,
stop_logdet_grad,"sv2=12,sw2=0.8",2.4849066734313965,-0.2231435328722,12.0,0.800000011920929,8219,-78.67141723632812,57524.3984375,1581314.5,1582360.4533499458,1,1,0.9788107872009277,
stop_logdet_grad,"sv2=12,sw2=0.8",2.4849066734313965,-0.2231435328722,12.0,0.800000011920929,16138,-129.9085235595703,83736.3125,-29248.36328125,88697.44520407355,1,1,0.9448981285095215,
stop_logdet_grad,"sv2=12,sw2=0.8",2.4849066734313965,-0.2231435328722,12.0,0.800000011920929,24057,-134.56698608398438,572.3514404296875,-21.606201171875,572.759111050202,1,1,0.997546911239624,
stop_logdet_grad,"sv2=12,sw2=0.8",2.4849066734313965,-0.2231435328722,12.0,0.800000011920929,31976,-74.83483123779297,80294096.0,-2695694.25,80339334.20153978,1,1,0.9480669498443604,
stop_logdet_grad,"sv2=12,sw2=0.8",2.4849066734313965,-0.2231435328722,12.0,0.800000011920929,39895,-85.0785140991211,142334525440.0,-8865778688.0,142610375372.8129,1,1,0.9270410537719727,
stop_logdet_grad,"sv2=12,sw2=0.8",2.4849066734313965,-0.2231435328722,12.0,0.800000011920929,47814,-83.41910552978516,6276940.0,-6971232.0,9380727.656286798,1,1,0.9806227684020996,
stop_logdet_grad,"sv2=12,sw2=0.8",2.4849066734313965,-0.2231435328722,12.0,0.800000011920929,55733,-75.95244598388672,14453458944.0,2593565440.0,14684313301.528812,1,1,0.9277591705322266,
stop_logdet_grad,"sv2=12,sw2=0.8",2.4849066734313965,-0.2231435328722,12.0,0.800000011920929,63652,-80.77847290039062,-13549647.0,9265098.0,16414474.550658422,1,1,0.9297950267791748,
stop_logdet_grad,"sv2=12,sw2=0.8",2.4849066734313965,-0.2231435328722,12.0,0.800000011920929,71571,-78.64127349853516,100477.8046875,-203716.296875,227147.7907602945,1,1,0.9927539825439453,
stop_transition_grad,"sv2=10,sw2=1",2.3025851249694824,0.0,10.0,1.0,300,-20000026.0,nan,nan,nan,1,0,0.9369499683380127,
stop_transition_grad,"sv2=10,sw2=1",2.3025851249694824,0.0,10.0,1.0,8219,-82.79117584228516,1212760192.0,-736155392.0,1418700829.7983584,1,1,1.0431690216064453,
stop_transition_grad,"sv2=10,sw2=1",2.3025851249694824,0.0,10.0,1.0,16138,-78.76727294921875,13084649472.0,-6838943744.0,14764118779.619278,1,1,1.0019299983978271,
stop_transition_grad,"sv2=10,sw2=1",2.3025851249694824,0.0,10.0,1.0,24057,-81.5473403930664,-7869841920.0,1321567104.0,7980034552.31644,1,1,1.0085391998291016,
stop_transition_grad,"sv2=10,sw2=1",2.3025851249694824,0.0,10.0,1.0,31976,-71.9774169921875,5577382400.0,587623616.0,5608252486.284,1,1,1.0332412719726562,
stop_transition_grad,"sv2=10,sw2=1",2.3025851249694824,0.0,10.0,1.0,39895,-80.43760681152344,9654733111296.0,-2543274688512.0,9984093228309.777,1,1,0.9613199234008789,
stop_transition_grad,"sv2=10,sw2=1",2.3025851249694824,0.0,10.0,1.0,47814,-86.07820129394531,-292455.5625,-334181.375,444080.4515333703,1,1,1.0269169807434082,
stop_transition_grad,"sv2=10,sw2=1",2.3025851249694824,0.0,10.0,1.0,55733,-77.44268798828125,855879057408.0,-711634059264.0,1113082205056.8254,1,1,0.9957959651947021,
stop_transition_grad,"sv2=10,sw2=1",2.3025851249694824,0.0,10.0,1.0,63652,-83.27225494384766,92778688.0,62217572.0,111709047.13843247,1,1,0.9634387493133545,
stop_transition_grad,"sv2=10,sw2=1",2.3025851249694824,0.0,10.0,1.0,71571,-75.87092590332031,122321.40625,-430581.4375,447619.14698384376,1,1,1.0378210544586182,
stop_transition_grad,"sv2=8,sw2=1.5",2.079441547393799,0.40546509623527527,8.0,1.5,300,-10000054.0,nan,nan,nan,1,0,0.9737510681152344,
stop_transition_grad,"sv2=8,sw2=1.5",2.079441547393799,0.40546509623527527,8.0,1.5,8219,-76.75177764892578,-44010200.0,4449307.0,44234534.43657172,1,1,1.0252251625061035,
stop_transition_grad,"sv2=8,sw2=1.5",2.079441547393799,0.40546509623527527,8.0,1.5,16138,-74.9747314453125,6735476.5,-300874.78125,6742193.21260111,1,1,0.9622592926025391,
stop_transition_grad,"sv2=8,sw2=1.5",2.079441547393799,0.40546509623527527,8.0,1.5,24057,-76.45907592773438,5040202752.0,-381603136.0,5054628051.07096,1,1,1.0303008556365967,
stop_transition_grad,"sv2=8,sw2=1.5",2.079441547393799,0.40546509623527527,8.0,1.5,31976,-71.45693969726562,-334269344.0,-1030340160.0,1083206739.1070902,1,1,0.9589941501617432,
stop_transition_grad,"sv2=8,sw2=1.5",2.079441547393799,0.40546509623527527,8.0,1.5,39895,-84.40235900878906,-4439936000.0,1941917440.0,4846037043.592646,1,1,0.9613807201385498,
stop_transition_grad,"sv2=8,sw2=1.5",2.079441547393799,0.40546509623527527,8.0,1.5,47814,-9000058.0,nan,nan,nan,1,0,1.005359172821045,
stop_transition_grad,"sv2=8,sw2=1.5",2.079441547393799,0.40546509623527527,8.0,1.5,55733,-75.8795166015625,2363528.25,-229745.25,2374668.1175367697,1,1,0.9629712104797363,
stop_transition_grad,"sv2=8,sw2=1.5",2.079441547393799,0.40546509623527527,8.0,1.5,63652,-83.41124725341797,-243361.9375,29078500.0,29079518.346812826,1,1,1.0486578941345215,
stop_transition_grad,"sv2=8,sw2=1.5",2.079441547393799,0.40546509623527527,8.0,1.5,71571,-79.10694122314453,-454327.6875,-29462.771484375,455282.0033041479,1,1,0.9553050994873047,
stop_transition_grad,"sv2=12,sw2=0.8",2.4849066734313965,-0.2231435328722,12.0,0.800000011920929,300,-75.76358795166016,-207664.4375,65621.65625,217785.95081222427,1,1,0.9926261901855469,
stop_transition_grad,"sv2=12,sw2=0.8",2.4849066734313965,-0.2231435328722,12.0,0.800000011920929,8219,-78.67141723632812,-50367.796875,-1144670.375,1145777.9812706658,1,1,1.0890100002288818,
stop_transition_grad,"sv2=12,sw2=0.8",2.4849066734313965,-0.2231435328722,12.0,0.800000011920929,16138,-129.9085235595703,20478.802734375,-7857.01904296875,21934.313521854714,1,1,1.0582189559936523,
stop_transition_grad,"sv2=12,sw2=0.8",2.4849066734313965,-0.2231435328722,12.0,0.800000011920929,24057,-134.56698608398438,-358.70159912109375,24.055404663085938,359.50730132437457,1,1,0.9982328414916992,
stop_transition_grad,"sv2=12,sw2=0.8",2.4849066734313965,-0.2231435328722,12.0,0.800000011920929,31976,-74.83483123779297,-85796536.0,3562730.0,85870475.9195627,1,1,1.0287971496582031,
stop_transition_grad,"sv2=12,sw2=0.8",2.4849066734313965,-0.2231435328722,12.0,0.800000011920929,39895,-85.0785140991211,-462849572864.0,150212820992.0,486614445624.8313,1,1,0.9623029232025146,
stop_transition_grad,"sv2=12,sw2=0.8",2.4849066734313965,-0.2231435328722,12.0,0.800000011920929,47814,-83.41910552978516,1222202.0,-1528351.5,1956945.5885016962,1,1,1.034060001373291,
stop_transition_grad,"sv2=12,sw2=0.8",2.4849066734313965,-0.2231435328722,12.0,0.800000011920929,55733,-75.95244598388672,-3756617472.0,-900004288.0,3862924093.1390376,1,1,0.9917688369750977,
stop_transition_grad,"sv2=12,sw2=0.8",2.4849066734313965,-0.2231435328722,12.0,0.800000011920929,63652,-80.77847290039062,-22363822.0,14777722.0,26805253.25299069,1,1,1.041774034500122,
stop_transition_grad,"sv2=12,sw2=0.8",2.4849066734313965,-0.2231435328722,12.0,0.800000011920929,71571,-78.64127349853516,-231423.046875,154044.5,278004.1988984311,1,1,0.9820358753204346,
stop_flow_grad,"sv2=10,sw2=1",2.3025851249694824,0.0,10.0,1.0,300,-20000026.0,nan,nan,nan,1,0,1.0968458652496338,
stop_flow_grad,"sv2=10,sw2=1",2.3025851249694824,0.0,10.0,1.0,8219,-82.79117584228516,21452.98046875,-7559.314453125,22745.848104517743,1,1,0.9613387584686279,
stop_flow_grad,"sv2=10,sw2=1",2.3025851249694824,0.0,10.0,1.0,16138,-78.76727294921875,-815.594482421875,1829.003173828125,2002.6100393312624,1,1,0.9105288982391357,
stop_flow_grad,"sv2=10,sw2=1",2.3025851249694824,0.0,10.0,1.0,24057,-81.5473403930664,-5543539.5,602920.5625,5576230.21339198,1,1,0.946584939956665,
stop_flow_grad,"sv2=10,sw2=1",2.3025851249694824,0.0,10.0,1.0,31976,-71.9774169921875,53918.57421875,406500.3125,410060.62564989156,1,1,0.9706888198852539,
stop_flow_grad,"sv2=10,sw2=1",2.3025851249694824,0.0,10.0,1.0,39895,-80.43760681152344,-194639456.0,996760.375,194642008.21821868,1,1,0.9015622138977051,
stop_flow_grad,"sv2=10,sw2=1",2.3025851249694824,0.0,10.0,1.0,47814,-86.07820129394531,143.49928283691406,-25.614900588989258,145.7675111500929,1,1,0.9773359298706055,
stop_flow_grad,"sv2=10,sw2=1",2.3025851249694824,0.0,10.0,1.0,55733,-77.44268798828125,1811286.375,-265547.28125,1830648.4345280246,1,1,0.9176766872406006,
stop_flow_grad,"sv2=10,sw2=1",2.3025851249694824,0.0,10.0,1.0,63652,-83.27225494384766,-624.8121337890625,90.29829406738281,631.3034012592684,1,1,0.912553071975708,
stop_flow_grad,"sv2=10,sw2=1",2.3025851249694824,0.0,10.0,1.0,71571,-75.87092590332031,361.4627685546875,258.7618103027344,444.53684607956615,1,1,0.9673538208007812,
stop_flow_grad,"sv2=8,sw2=1.5",2.079441547393799,0.40546509623527527,8.0,1.5,300,-10000054.0,nan,nan,nan,1,0,1.0339703559875488,
stop_flow_grad,"sv2=8,sw2=1.5",2.079441547393799,0.40546509623527527,8.0,1.5,8219,-76.75177764892578,13.616443634033203,-5.304447650909424,14.613168791197953,1,1,1.1511828899383545,
stop_flow_grad,"sv2=8,sw2=1.5",2.079441547393799,0.40546509623527527,8.0,1.5,16138,-74.9747314453125,-70.59428405761719,11.419422149658203,71.51193008050929,1,1,0.9239988327026367,
stop_flow_grad,"sv2=8,sw2=1.5",2.079441547393799,0.40546509623527527,8.0,1.5,24057,-76.45907592773438,104.67242431640625,3.068838357925415,104.71740152019085,1,1,0.9037470817565918,
stop_flow_grad,"sv2=8,sw2=1.5",2.079441547393799,0.40546509623527527,8.0,1.5,31976,-71.45693969726562,-5330.32568359375,3078.91064453125,6155.65290202323,1,1,0.9677712917327881,
stop_flow_grad,"sv2=8,sw2=1.5",2.079441547393799,0.40546509623527527,8.0,1.5,39895,-84.40235900878906,-364.47271728515625,103.76641845703125,378.9562392211337,1,1,0.923137903213501,
stop_flow_grad,"sv2=8,sw2=1.5",2.079441547393799,0.40546509623527527,8.0,1.5,47814,-9000058.0,nan,nan,nan,1,0,0.8788979053497314,
stop_flow_grad,"sv2=8,sw2=1.5",2.079441547393799,0.40546509623527527,8.0,1.5,55733,-75.8795166015625,-129.8415069580078,112.35218811035156,171.7027405206749,1,1,0.9705190658569336,
stop_flow_grad,"sv2=8,sw2=1.5",2.079441547393799,0.40546509623527527,8.0,1.5,63652,-83.41124725341797,4231.7568359375,-327.2797546386719,4244.393708917695,1,1,1.0751471519470215,
stop_flow_grad,"sv2=8,sw2=1.5",2.079441547393799,0.40546509623527527,8.0,1.5,71571,-79.10694122314453,481859.40625,3226.80322265625,481870.21037893626,1,1,0.9113032817840576,
stop_flow_grad,"sv2=12,sw2=0.8",2.4849066734313965,-0.2231435328722,12.0,0.800000011920929,300,-75.76358795166016,-379.2210388183594,-92.2573471069336,390.2819677844274,1,1,0.9930942058563232,
stop_flow_grad,"sv2=12,sw2=0.8",2.4849066734313965,-0.2231435328722,12.0,0.800000011920929,8219,-78.67141723632812,4301.98583984375,-1149.4310302734375,4452.894997591072,1,1,0.9017980098724365,
stop_flow_grad,"sv2=12,sw2=0.8",2.4849066734313965,-0.2231435328722,12.0,0.800000011920929,16138,-129.9085235595703,-73.51629638671875,19.119260787963867,75.96177964936084,1,1,0.9147348403930664,
stop_flow_grad,"sv2=12,sw2=0.8",2.4849066734313965,-0.2231435328722,12.0,0.800000011920929,24057,-134.56698608398438,40.39368438720703,15.858922004699707,43.39533552727115,1,1,0.9717178344726562,
stop_flow_grad,"sv2=12,sw2=0.8",2.4849066734313965,-0.2231435328722,12.0,0.800000011920929,31976,-74.83483123779297,244.93710327148438,-24.443485260009766,246.15374977985226,1,1,0.9195752143859863,
stop_flow_grad,"sv2=12,sw2=0.8",2.4849066734313965,-0.2231435328722,12.0,0.800000011920929,39895,-85.0785140991211,165893.203125,-38340.82421875,170266.18467812566,1,1,1.0075550079345703,
stop_flow_grad,"sv2=12,sw2=0.8",2.4849066734313965,-0.2231435328722,12.0,0.800000011920929,47814,-83.41910552978516,-61.50262451171875,16.772903442382812,63.74874988356215,1,1,0.9002671241760254,
stop_flow_grad,"sv2=12,sw2=0.8",2.4849066734313965,-0.2231435328722,12.0,0.800000011920929,55733,-75.95244598388672,-749.76806640625,-1025.9716796875,1270.7360233043514,1,1,0.9010910987854004,
stop_flow_grad,"sv2=12,sw2=0.8",2.4849066734313965,-0.2231435328722,12.0,0.800000011920929,63652,-80.77847290039062,-13.732795715332031,15.760876655578613,20.904423242735128,1,1,0.97542405128479,
stop_flow_grad,"sv2=12,sw2=0.8",2.4849066734313965,-0.2231435328722,12.0,0.800000011920929,71571,-78.64127349853516,-16669.630859375,2358.925537109375,16835.70974676904,1,1,0.9071879386901855,
measurement_only,"sv2=10,sw2=1",2.3025851249694824,0.0,10.0,1.0,300,-7000029.0,nan,nan,nan,1,0,0.8411440849304199,
measurement_only,"sv2=10,sw2=1",2.3025851249694824,0.0,10.0,1.0,8219,-14000020.0,nan,nan,nan,1,0,0.9197490215301514,
measurement_only,"sv2=10,sw2=1",2.3025851249694824,0.0,10.0,1.0,16138,-36.81922912597656,-247995600.0,49733632.0,252933295.10222933,1,1,0.8333687782287598,
measurement_only,"sv2=10,sw2=1",2.3025851249694824,0.0,10.0,1.0,24057,-14000020.0,nan,nan,nan,1,0,0.9101319313049316,
measurement_only,"sv2=10,sw2=1",2.3025851249694824,0.0,10.0,1.0,31976,-17000016.0,nan,nan,nan,1,0,0.8496599197387695,
measurement_only,"sv2=10,sw2=1",2.3025851249694824,0.0,10.0,1.0,39895,-36.43722152709961,51082288.0,-14222879.0,53025375.381637655,1,1,0.8368473052978516,
measurement_only,"sv2=10,sw2=1",2.3025851249694824,0.0,10.0,1.0,47814,-7000029.0,nan,nan,nan,1,0,0.9011509418487549,
measurement_only,"sv2=10,sw2=1",2.3025851249694824,0.0,10.0,1.0,55733,-14000020.0,nan,nan,nan,1,0,0.8507580757141113,
measurement_only,"sv2=10,sw2=1",2.3025851249694824,0.0,10.0,1.0,63652,-37.813411712646484,-573104832.0,357121696.0,675266654.1564633,1,1,0.8477621078491211,
measurement_only,"sv2=10,sw2=1",2.3025851249694824,0.0,10.0,1.0,71571,-15000018.0,nan,nan,nan,1,0,0.9294459819793701,
measurement_only,"sv2=8,sw2=1.5",2.079441547393799,0.40546509623527527,8.0,1.5,300,-1000041.3125,nan,nan,nan,1,0,0.8398048877716064,
measurement_only,"sv2=8,sw2=1.5",2.079441547393799,0.40546509623527527,8.0,1.5,8219,-14000023.0,nan,nan,nan,1,0,0.8481669425964355,
measurement_only,"sv2=8,sw2=1.5",2.079441547393799,0.40546509623527527,8.0,1.5,16138,-20000014.0,nan,nan,nan,1,0,0.8966310024261475,
measurement_only,"sv2=8,sw2=1.5",2.079441547393799,0.40546509623527527,8.0,1.5,24057,-19000016.0,nan,nan,nan,1,0,0.8275609016418457,
measurement_only,"sv2=8,sw2=1.5",2.079441547393799,0.40546509623527527,8.0,1.5,31976,-20000014.0,nan,nan,nan,1,0,0.8529858589172363,
measurement_only,"sv2=8,sw2=1.5",2.079441547393799,0.40546509623527527,8.0,1.5,39895,-20000016.0,nan,nan,nan,1,0,0.9023869037628174,
measurement_only,"sv2=8,sw2=1.5",2.079441547393799,0.40546509623527527,8.0,1.5,47814,-20000014.0,nan,nan,nan,1,0,0.8264560699462891,
measurement_only,"sv2=8,sw2=1.5",2.079441547393799,0.40546509623527527,8.0,1.5,55733,-20000014.0,nan,nan,nan,1,0,0.8281559944152832,
measurement_only,"sv2=8,sw2=1.5",2.079441547393799,0.40546509623527527,8.0,1.5,63652,-20000014.0,nan,nan,nan,1,0,0.8977241516113281,
measurement_only,"sv2=8,sw2=1.5",2.079441547393799,0.40546509623527527,8.0,1.5,71571,-43.88192367553711,616589952.0,-115937024.0,627395060.8997005,1,1,0.8445339202880859,
measurement_only,"sv2=12,sw2=0.8",2.4849066734313965,-0.2231435328722,12.0,0.800000011920929,300,-13000018.0,nan,nan,nan,1,0,0.8419599533081055,
measurement_only,"sv2=12,sw2=0.8",2.4849066734313965,-0.2231435328722,12.0,0.800000011920929,8219,-20000012.0,nan,nan,nan,1,0,0.9012711048126221,
measurement_only,"sv2=12,sw2=0.8",2.4849066734313965,-0.2231435328722,12.0,0.800000011920929,16138,-24000006.0,nan,nan,nan,1,0,0.8202848434448242,
measurement_only,"sv2=12,sw2=0.8",2.4849066734313965,-0.2231435328722,12.0,0.800000011920929,24057,-15000016.0,nan,nan,nan,1,0,0.9103982448577881,
measurement_only,"sv2=12,sw2=0.8",2.4849066734313965,-0.2231435328722,12.0,0.800000011920929,31976,-19000012.0,nan,nan,nan,1,0,0.8295879364013672,
measurement_only,"sv2=12,sw2=0.8",2.4849066734313965,-0.2231435328722,12.0,0.800000011920929,39895,-14000018.0,nan,nan,nan,1,0,0.8490121364593506,
measurement_only,"sv2=12,sw2=0.8",2.4849066734313965,-0.2231435328722,12.0,0.800000011920929,47814,-34.00934600830078,-2168414011392.0,3370669834240.0,4007921463334.412,1,1,0.9058492183685303,
measurement_only,"sv2=12,sw2=0.8",2.4849066734313965,-0.2231435328722,12.0,0.800000011920929,55733,-14000018.0,nan,nan,nan,1,0,0.8370709419250488,
measurement_only,"sv2=12,sw2=0.8",2.4849066734313965,-0.2231435328722,12.0,0.800000011920929,63652,-33.48722457885742,-27367008.0,14786898.0,31106357.53884514,1,1,0.8348610401153564,
measurement_only,"sv2=12,sw2=0.8",2.4849066734313965,-0.2231435328722,12.0,0.800000011920929,71571,-20000012.0,nan,nan,nan,1,0,0.8979020118713379,
